1.505361050779957299e+00,6.678106297896697185e+01
1.903866626394564499e+00,1.591609199267610109e+02
2.255604544111516319e+01,1.823256120213153508e+01
1.257267977646037593e+01,1.004647216078702172e+02
3.438650645117522053e+00,1.028486062619268750e+02
1.484179534263822475e+01,2.665874221683496899e+02
2.077914166283318931e+00,2.759610347681160647e+02
1.256551401774416554e+01,1.017806927567444859e+02
4.612835616978085085e+00,4.639002488609916952e+01
1.548460145912014951e+01,4.270610768973376139e+02
1.190125792273541094e+01,1.614742945543960104e+02
1.063242312798281120e+01,4.988989455939355935e+02
4.495746586455847016e+00,1.355460564024497216e+02
4.446488783668546496e+00,1.539518938251589475e+02
1.076532340208790117e+01,1.317135059391976313e+02
2.641123194612729486e-02,7.793056255441894109e+02
4.229157246305174311e+00,2.242289028775126383e+02
4.803029540295488786e+00,3.878820406042777336e+02
1.497960146409294246e+01,3.049188045618786305e+02
3.595789768621349691e-01,2.621448977236130986e+02
9.018539155205053115e-01,3.992269115023501058e+01
1.341776517803673130e+01,4.988287907883858452e+02
2.518442106180975770e+01,2.018597290687568773e+02
7.755020685494680155e-01,6.895186707341099464e+01
7.624099372004497610e+00,1.944379122926279138e+02
1.103495726092960716e+01,1.280212731237396042e+02
4.574521318460644359e+00,2.843988189187891180e+02
4.255840775052627478e+00,4.891391017922741185e+02
1.134791595805378428e+01,1.576844920564113295e+02
6.200464959153698885e+00,8.584195734362876351e+01
6.772309196848118606e-01,5.755608008922197314e+02
1.628246342371374311e+01,2.032756009518703308e+02
2.696417561521020190e+00,1.411928804833257516e+02
6.481304559969631285e+00,3.287416796110642281e+02
3.689658563270729275e+00,6.311788047433358315e+02
2.597598161646990533e+00,1.876635613983532380e+01
1.381649961638469293e+01,6.068748061473581856e+02
7.964594406313270980e+00,1.903254293399587027e+02
1.174818040659719998e+01,4.894222374644668889e+02
4.326853538378926167e+00,2.405456732614975977e+02
2.378067752064242590e+00,2.234526949551036523e+02
5.897840441718709137e+00,5.295580564895849420e+02
1.458481981863325494e+01,6.720600850564253506e+02
1.196230052808531674e+01,4.318381405264570390e+02
1.091581080150639771e+01,4.827835025456439553e+02
8.967498227834889590e+00,7.195566981288732222e+01
3.756794083291624009e+00,3.328733409051773151e+02
1.233184379843544320e+01,2.221682615531796046e+02
1.531344577018526998e+01,3.312364843504498140e+02
3.454490387178936750e+00,6.301125567682622659e+02
1.406479297492043301e+01,2.205336294680974447e+02
2.848181893554993405e+00,3.024262850985428486e+02
1.019897273959578143e+01,2.802972364330698269e+02
9.115318885609621447e+00,2.988753827802695469e+02
1.147450224356205517e+01,7.019539967219569689e+02
3.125358400898003097e+00,7.227509478393818654e+02
9.192063176757881982e-01,9.246398593577976044e+01
1.536306795741232989e+01,3.664069011667356790e+02
4.996932729174233812e-01,1.124334989760848202e+02
1.132530474896850059e+01,3.531347674003882275e+02
6.940187642452526617e+00,2.056939504351761911e+02
1.074356983688186418e+01,3.795885243195737644e+02
1.445793955931946861e+01,4.342766049793556249e+02
1.447794766891652252e+01,4.465680520506479922e+01
4.524189221260221938e-01,5.023476679334451944e+01
6.076057256492831904e+00,3.268938137352348861e+01
8.979310631218713479e-02,3.821811098455171418e+02
1.891953172723326304e+01,6.033337885658683319e+01
9.921504945477575887e+00,6.086337571118126561e+02
2.835507372574829876e+00,2.587525901971141593e+02
2.410009412035811760e+00,3.067785409449476219e+01
1.598694897589406239e+01,2.088828766700665938e+02
5.746351827956484470e+00,2.770733244576007337e+02
1.172205003850576022e+00,1.853806289457507148e+02
1.372234037985169230e+01,1.914073915544991564e+02
2.572189956745651429e+00,1.262615336197926865e+02
1.401750077242233772e+01,4.013462254150078934e+02
6.606345557939194535e+00,4.111830768729292913e+02
5.930978965437649464e+00,5.664312119736109707e+02
3.418053956399538240e-01,2.037303153729771452e+02
3.909974502567772348e+00,1.366093806508812918e+02
7.911204208272333283e+00,1.371664281907791860e+01
2.353365022081296498e+00,1.649157046415290324e+02
9.958311956341100668e+00,1.385545566825692276e+01
5.170610343819158849e+00,3.680426234322407026e+02
1.566022964651837590e+01,3.246150512992282984e+02
8.822456838085257047e+00,7.046531998127066743e+01
7.847386483148655500e+00,1.006136754212258211e+01
8.144222652873775559e+00,2.868563455389008254e+02
4.761515095936498909e+00,5.313063470217730355e+01
1.454270225238740899e+01,6.105843786431232729e+02
1.255881263857276942e+01,1.894054796275405010e+02
1.787967839372570422e+00,2.053709233211710625e+02
1.317514940713231386e-01,3.045545856552166128e+02
5.132883521660237536e-01,3.559475832876281629e+02
1.904353337161708071e+00,1.450967535956190488e+02
9.284271890946474315e+00,8.913163557585733088e+00
9.785899702497757868e-01,7.006941786320945766e+02
1.123667661569841059e+01,1.359628152023307734e+01
9.262237359124354086e+00,2.579087314610093244e+02
4.442617026359355847e+00,1.371847025480308844e+02
1.738922418288247584e+01,1.551014979458523158e+01
6.124639472053308609e+00,1.684890378082414486e+02
5.293240961525555122e+00,1.450162612049476820e+02
1.069438393342094784e+01,5.134931982756205571e+02
2.412324942183309062e+01,2.138266562805649755e+02
3.105523947022539311e+00,1.519281980728132453e+02
7.526659567089998504e+00,1.473579276932882181e+02
8.123758421112187378e+00,7.009755509541555512e+02
1.728227295586784251e+01,2.557604887735207626e+02
3.198538900587192924e+00,9.374811997899666949e+01
7.776140526869527392e+00,1.693422164070259441e+02
1.308769335175750470e+01,5.139026260441459044e+02
3.026365071908223570e-01,9.863609348381314135e+01
1.081215634392764180e+01,1.506209519442847409e+02
4.584943536012371368e+00,3.425655577086314452e+02
1.906961165727138763e+01,1.564690324305402669e+02
8.170895879575171605e+00,7.726504302821775809e+02
6.444994282093579052e+00,3.102723186068577661e+02
4.477914058280267007e+00,3.579693308977523429e+02
1.206651647337945832e+01,4.007413320465941524e+02
8.341346543248276291e+00,1.952489949567848271e-02
2.141788019051857006e+00,2.437835820884636178e+02
5.534441406778176642e+00,6.655007066792081787e+02
2.016105826545383728e+00,2.009797394929086067e+01
5.031268571570751469e+00,1.953831740039433384e+02
2.415885350069277404e+00,2.594317493602610512e+02
1.701234036352766488e+00,1.686793133288771287e+02
4.453559292607968345e+00,8.047993037299181651e+01
4.270659931802503806e+00,6.928138181756534095e+02
1.744421252383228538e+00,5.211698144502162222e+01
6.980416144720971161e+00,4.419573115168399795e+02
4.096688130010516460e+00,1.035745977375418647e+01
9.095476412632500285e+00,6.897810685009594636e+02
1.453760923506705049e+00,2.310539787060774870e+02
1.422485625592621261e+01,1.766227535072277419e+02
3.314908367558473845e+00,5.824828709517216794e+02
6.564240448579492515e+00,2.082055646391572168e+01
1.109272320695943570e+01,7.931714807384971664e+02
3.338367553188017478e+00,6.578431926892595527e+01
9.807161164523760633e+00,1.635688608179381447e+02
2.663620254431657841e+01,1.529112397534142929e+02
1.783254581237149194e+00,4.736543667923970133e+02
6.138821080052635715e+00,5.590241955999221091e+02
2.555624653634281707e+00,1.370325295967494412e+02
9.765165966910661410e+00,7.982890519057511369e+01
1.863185417830622370e+01,6.891707762817436560e+02
1.105276135138591975e+01,3.416660006815492352e+02
1.630454088243955990e+00,8.956232835037758377e+01
4.112001787091234206e+00,1.868721802435155723e+02
9.047852951768607710e+00,1.059174278440874559e+02
1.922384027700193698e+01,5.356620378484459479e+02
5.001414159684913763e+00,1.728715669528679939e+02
5.113350255440851200e+00,6.611379735628933929e+01
1.337320823492018418e+00,2.718661653631209560e+02
1.949700774953926796e+01,4.247617054313107587e+02
3.423566214032533139e+00,3.258527828216869011e+02
1.690093225277522482e-01,6.483749912313750201e+02
7.577596379600173293e+00,2.385677967380590871e+02
1.419263195084783113e+01,1.490311595351309961e+02
6.132090843083791043e+00,8.794525746723875272e+02
5.421478516332436826e+00,1.942319962879066679e+02
5.010823839342654296e+00,1.587765268067008719e+02
2.039120068852505518e+00,1.464360924595471829e+02
6.730763020988667300e+00,4.320102683205161043e+02
2.436124096257809413e+01,1.941275783168521230e+02
1.336356621607331085e+01,1.274138993471341905e+02
3.940149835591673089e+00,3.718028130228080954e+02
7.762557687255219108e+00,9.949659897912746942e+01
2.828920874252392359e+00,3.738581439901979593e+02
1.211418738393913586e+01,3.816896517434083762e+02
8.437664621445489788e-01,1.615413691396273066e+01
4.611143196074252715e-01,4.033994155798433212e+02
1.124413791274495544e+01,3.784309551399425118e+02
7.199940949159536530e+00,3.483157907889885792e+02
8.303970326318511397e+00,5.289466030769494864e+01
6.569905953176746749e+00,5.266171579400115661e+02
4.919209063703673834e+00,5.233118622675528968e+02
9.847697110148489585e+00,1.179283650603548779e+02
2.207904303310933014e-01,1.698520041684535613e+02
1.001724634136982139e+01,3.703918170360329896e+02
4.844790542062032301e+00,1.447254852443207938e+02
5.194895329918944427e+00,3.193637785981489401e+02
7.937072034828393186e+00,3.658709169989010093e+02
7.859491162820227750e+00,3.777635108195357816e+01
2.300598858335465291e+00,2.144654551174022004e+02
1.803718169677060956e+01,4.038530514367292312e+01
3.279234814631124095e+00,6.298094124584262090e+02
1.040210582736514455e+00,7.497655601070125613e+02
4.805240502658859825e+00,1.431647347414580622e+02
1.999855145801624801e+01,1.741615299456182697e+02
7.312667663812034036e+00,3.735200076849965853e+02
1.326963163523082123e+01,6.919686858526566198e+01
5.341875216858542608e+00,5.314083653479344775e+02
6.697194816433133191e+00,3.795221311772120316e+02
9.080606467285786465e+00,5.265644952276038566e+02
2.231369318317954153e+00,3.655530413569888424e+02
1.113156724117213514e+01,9.941208469942802139e+01
1.944880562450780204e+01,1.837054720309695597e+02
2.642023282913285698e+00,8.952806319466640161e+01
3.664985672181930276e+00,6.720622426886591256e+02
3.200144253745362821e+00,1.843426872330654760e+02
1.275521459984462602e+01,4.425449394036219815e+02
4.416860698426066989e+00,5.097771437116938387e+01
1.029261188367756041e-01,4.868046595692812275e+02
6.682922173317987991e+00,2.899637432721132200e+02
1.625757872430343554e+01,1.260789428281867686e+02
4.803852700771985340e+00,1.737258001346292815e+02
8.657639161736214728e-01,7.538595000536626856e+01
8.609978184826073688e-01,1.517654674089664582e+02
1.121943183128302124e+01,2.906747341423833859e+02
1.271687848893650141e+01,5.485985022543048899e+02
2.120867970847420292e+00,4.081520115469867847e+02
2.713682408691946435e+00,2.737761413369202046e+02
3.856119833800291552e+00,7.571161367748578641e+01
3.154464212623693253e+00,7.767251153754007191e+02
2.650588848659399144e+00,1.878917887962620910e+02
2.664669758753153150e-01,1.023855153426893736e+02
3.732611866973853942e+00,9.862141512090315132e+01
4.078113865142181105e-01,5.490183242844411780e+02
2.939132427406571657e-01,2.507945925921950447e+02
2.556456714002956598e+00,8.647868391697987818e+02
4.839239263814636871e+00,5.039136375747895613e+02
2.055475894550807259e-01,4.437026633384861043e+02
8.137241151456930055e+00,4.305055702500919779e+02
5.562068756287481541e+00,2.336632651643027998e+02
1.595938391953180435e+01,1.017831345380792811e+02
6.300060741605333803e+00,3.207604170536204151e+02
1.196759840229175609e+01,1.745238235557650626e+02
9.605213790403869467e+00,1.874000953193291252e+02
1.463671878307327479e+00,5.329018324679340139e+02
8.951181221208722505e+00,5.649734088238204777e+02
1.038802057005061386e+01,4.667396682778894501e+02
3.244204239767730646e-01,3.133984779851198255e+02
2.967904562973495253e+00,6.068049140227891485e+02
8.170058495012783029e-01,1.657228132792995723e+02
4.253191109899110423e+00,2.618033460093117810e+02
1.437226297425239885e+01,4.189819713551785298e+02
7.434576279094207152e+00,3.656780230978310442e+01
5.330838656466697856e+00,1.091395441315482913e+02
1.021655501302988256e+01,3.676397425960081478e+01
8.959463684568319763e+00,3.349820184475588576e+02
1.255748878900045540e+01,2.311892693344187819e+02
4.441651682150830283e+00,1.437638072022534175e+02
1.159025804611577781e+00,6.407786786785292179e+02
1.008326421522900773e+01,1.152383529436531262e+02
5.445937252192352140e+00,4.174755868601532143e+02
2.899713105504619470e+00,6.619459267075384901e+01
1.032700517970036369e+00,3.863583269301044254e+01
1.527070902081344883e+00,4.743075390803184632e+02
8.190691278743711834e+00,1.819910096067180234e+02
4.220979586129002925e+00,1.905100444273771529e+02
4.035538898588002077e+00,2.713260425627192944e+02
1.050810747696092839e+01,3.020168906037768011e+02
2.349708095414878350e+00,4.053421808256226200e+01
1.733772474141120057e+01,2.021718051182235456e+02
2.289829534018259594e+01,3.189437099240942644e+02
1.789034663125242020e+01,3.599183076668659282e+02
1.725906920198665151e-01,1.230207840900101246e+03
7.615347299389804370e+00,2.751643764572363580e+02
1.347386723142507847e+01,1.689880212327403228e+02
2.849162631257978973e+00,1.105984614311182384e+02
1.198631221887668374e+01,2.646249002695954289e+01
1.708932530208614153e+01,5.452589767043403981e+02
1.509061741906198151e+01,3.790970045168156730e+02
2.056230603321876771e+01,5.687113032821567913e+02
8.080565159198446423e+00,8.113130921629490331e+02
2.949160985208511221e+00,5.065943651581609402e+02
6.449359036484354490e+00,2.492257850564611203e+02
6.185934980978769815e+00,7.422289002586371680e+02
2.148743507022409105e+01,2.202256578042013757e+02
2.076541443829258782e+01,3.162383852638912458e+02
2.109382803326540046e+00,1.907281947521107952e+02
5.532958582518110902e+00,6.592017340123120448e+02
7.403249713712972024e+00,5.017224680132564458e+02
2.640137576571879752e+00,2.406745321605627339e+02
8.496549937290495791e+00,4.226628152310485689e+02
2.362073776203588604e+00,8.225899944898966396e+02
1.585479844014333572e+01,5.670666385037777957e+01
3.130798622539427978e+00,1.283589454898586268e+01
2.832677185923995111e+01,8.124351862981175998e+01
9.097576583466020494e+00,5.106122118502736384e+02
2.523605329565123512e+00,3.175974596563121111e+01
5.312906410224057296e+00,5.904654550394527632e+02
1.101528629565154516e+00,4.012878916065677686e+02
2.195915714370605798e+01,8.421089533377957537e+01
3.184346033082924521e+00,1.017264343995850311e+02
1.588266839388048135e+00,2.590327597733102039e+02
1.036438331399702584e+01,3.396778616646307114e+02
4.891299717771222966e+00,1.672973295087656140e+02
7.554200720419864012e+00,8.059032859932935366e+01
7.693408924973818230e+00,1.665557956800604984e+02
1.094321949066863908e+01,3.126273842988497336e+02
6.096710239235577866e+00,4.148048028592035052e+02
3.814546254933085301e+00,1.530619927521790942e+02
1.232792407952494429e+01,2.560752947484326114e+01
1.032760151650087366e+01,4.420503212619924511e+02
1.026786214289367116e+01,1.971751042122463105e+02
1.781335461161935196e+00,2.702975340794253611e+02
3.578776511614907285e+00,2.484221334709883422e+02
1.997906944437266930e+01,2.065419294867865574e+01
4.633178281560760503e+00,1.582762212373862667e+02
6.753379943463694524e+00,1.600927938278533702e+01
4.116658138420445923e+00,1.167413583491310192e+01
4.221995971035845230e+00,7.991130030215570059e+02
8.348143409493584244e+00,1.509556347489972836e+02
9.581675684899032319e+00,2.030780121709744321e+02
6.717490476585186165e+00,6.237247551921000195e+02
3.125634005170008667e+00,3.839358744259767491e+02
8.662162508203085309e+00,1.433721555581547875e+02
5.338693946846937877e+00,3.126030378651747696e+02
4.029698356152643157e+00,1.914390614234542056e+02
1.182855866938699041e+00,1.257706370505419500e+02
5.583980990372835684e+00,9.448338500661361650e+01
1.335713118756680862e+00,3.789175905249564380e+01
1.255528330408060178e+01,2.544313392487740657e+02
2.719526544083024966e+00,3.699137480589746474e+02
1.054248286946599578e+01,1.688134958131780650e+02
1.395874833629603406e+00,5.179729152352699373e+01
1.083805222379444544e+00,5.462292959428726817e+02
1.016279292094946562e+01,4.600142307351089244e+01
1.308456007746420724e+01,6.110920820787615639e+02
1.265109404236281065e+01,3.005034215373382267e+02
6.547141456060705522e+00,1.975892488268223133e+02
1.097187987979068957e+01,6.797727796820690855e+02
1.273046178657640404e+01,1.228106230303048960e+02
3.391460524948330946e+00,1.935957125392648948e+02
1.416163615609112192e+00,2.916603872898286909e+02
4.386259583668823403e+00,8.838177198031803528e+01
4.956318578773445616e+00,1.544025591544181566e+02
6.320371605878229104e+00,1.919867660052544807e+02
3.578899561048073608e+00,4.697686376984506751e-01
5.850668791824427117e+00,2.309108016518320028e+02
1.073463854225508207e+01,5.399514356056527049e+02
1.986045372165894207e+01,1.798045678701626287e+02
2.137893018877090512e+01,3.024805178578308187e+02
1.055611823755896594e+01,5.978442306410748586e+01
2.973311496613237459e+00,1.319857614269230908e+02
2.453204641605223113e+00,4.287683818432405474e+02
1.448280500846248264e+00,9.433953020228932473e+01
6.316752384014312938e+00,1.365449438664106196e+02
2.173519934497595330e+01,7.493195633603536976e+01
7.348628060084720026e+00,3.821812485630977108e+01
6.420193701010883380e+00,5.905838526506649089e+01
6.366759671993418301e+00,1.701343368276511683e+02
2.263365379201601257e+01,1.676140352184077358e+02
1.013980812864243397e+01,5.497373671918400078e+02
8.305499211729522102e+00,2.160502024100877634e+02
1.920680769888194694e+00,1.431530744223084071e+02
2.062023097554806839e+01,7.455427575595425083e+01
3.806365960680815785e+00,5.522828340175020685e+02
6.683828602897436966e-01,1.658850540618203979e+02
3.145919348184206044e+00,1.847443752344519794e+02
5.242327642186004333e+00,6.409974175511649719e+01
1.294650172499518248e-01,5.493232439722407889e+01
1.219899984200880638e+01,6.861391443316786081e+02
1.025246220175956857e+01,2.874477946346401609e+02
1.610992071551231142e+00,4.307489029757622347e+02
6.358869770756160333e-01,2.450057330384119609e+02
5.197326316055309370e+00,3.435920675489768428e+00
1.826160659756939086e+00,1.995513395400354852e+02
1.306348578153893492e+01,4.188188838878186857e+02
2.916474540639622859e+00,8.288798167767592986e+02
6.998810359577718465e+00,4.437805026434585898e+02
1.670005040494871640e+00,3.527539692179582858e+02
3.803515976312812352e+00,8.449321921530651025e+01
1.464243729302729502e+00,6.363686951952354320e+02
5.795261292917784246e+00,8.849371437917894809e+02
2.340869857238130791e+00,5.324482314836131991e+01
1.170370008240297643e+01,3.552655507382862652e+02
3.117812258690729088e+00,1.094817904702566693e+02
1.799688388960070284e+01,2.581796463998844615e+01
4.633811422052350970e+00,7.412357245348937340e+02
5.881157856005263085e+00,3.735605419679075112e+00
4.254082662249742519e+00,2.934289594035016648e+02
1.035001559362652657e+01,4.248984900473754465e+02
1.823718518821914714e+01,6.579937462976167808e+02
4.845493716294380526e+00,4.997088359063840812e+02
4.377008936900564362e-01,2.889549588578022963e+02
8.513968130361513786e+00,1.595417101758758349e+02
1.157762424168458715e+01,7.290687044635532175e+02
8.580426248744290163e+00,1.929767481404023499e+02
7.251621423906051689e+00,8.848370257805080996e+01
9.244237221177831643e+00,4.848943373775040300e+02
3.151177204993266923e+00,1.023959347747374409e+02
1.233061728769945731e+01,2.528161189852777397e+02
2.103792698487908730e+00,3.568420999625475361e+02
2.656064420396141657e+00,1.453607211619550128e+02
4.660540886242246827e+00,8.327432415516911135e+01
1.122267933994593392e+01,1.410856983648921243e+02
1.151567706211953102e+01,4.538189768875001846e+02
8.393050023281492855e+00,1.406086784517619321e+02
1.262052925856636598e+01,3.909500419872825887e+02
2.201749058478031174e+01,4.873018579285401302e+02
9.614231549421230483e+00,6.908234311584200782e+01
1.102658054526010645e+01,3.208848792427775152e+02
1.468586552646343257e+01,1.670969814090144610e+02
1.079578521358831189e+01,2.483151311755374309e+02
8.629351592685944539e+00,3.526121904071197832e+01
4.399491925915996582e+00,5.693431586350295674e+02
1.598686407852344793e+01,1.290815994269323141e+01
4.878019531403982034e-01,1.300796089601415702e+02
6.370527919157401797e+00,2.957160742702859579e+02
6.549396520412765099e+00,6.970955196072296758e+02
3.445155327777301935e+00,2.646039200891076462e+02
5.493652022912347554e+00,1.780959230541836860e+02
1.142323089597650831e+00,2.835216967161122739e+02
3.653034778837420227e+00,2.780379742920574699e+02
9.491224751538554827e+00,4.099286362027856967e+02
1.260348275253514849e+01,5.021418058196689458e+02
2.890115913278228366e+00,6.315488140797119740e+02
1.388958553784477346e+01,2.101297215912986189e+02
1.123057038189668955e+00,2.233177661513443581e+02
7.211611102148692609e+00,2.328068284646185759e+02
9.797735129256787801e+00,2.037607592641826386e+02
1.289777860551629685e+00,9.622291073463082967e+01
1.484507345942655210e+00,6.737028392006420745e+02
1.864428232230583626e+00,1.557747162263602831e+02
1.686764534594472664e+01,2.712460568314767784e+01
8.816666831172854657e+00,3.096811953007954799e+02
6.749681283333647031e+00,4.180042979340319107e+02
1.290352290469958030e+00,5.526094470255796978e+02
1.945719153118087874e+01,5.574691768540669727e+02
1.880128076377130952e+01,1.845252467550977826e+01
2.637912874751386472e+00,7.218751032084790609e+01
2.445091247930833767e+00,4.185014295240417823e+02
4.154999648243546062e+00,9.235804296904942134e+01
2.941773879106625245e+00,2.218206948712832798e+02
6.122652139816501027e+00,5.320326178226267757e+02
1.020698421721466254e+01,6.023844988714915871e+01
6.196953738625884611e+00,2.315385276082431290e+02
1.602177109770321684e+00,7.161148349239106210e+02
1.275073465988588772e+01,6.439758336129420968e+02
1.433091905474139338e+00,5.713144206210696439e+02
1.122904085405748731e+01,9.682673262305485196e+00
6.658511696472572794e+00,1.427134502088078136e+02
1.039043891058929603e+01,3.245385429941168240e+02
1.924228679531746256e+00,2.126586330016527313e+02
1.252925045554589900e+01,5.003616344824387170e+02
3.073632521345395663e+00,1.146358318387150916e+02
1.425422246879425003e+01,3.242845784696259557e+02
1.104814033585160793e+01,6.710499898937253249e+01
1.208030082708263786e-01,5.502339335949537258e+01
6.631977395746153192e+00,7.870633455004751795e+02
7.990958365655868256e+00,1.329022035784327329e+02
3.443832077659516600e+00,7.686400406146191244e+00
8.224597708198192691e+00,7.232935779272868331e+02
8.690251748403307275e+00,5.172146194827089971e+01
8.859692567045712508e+00,1.268337861454652398e+02
2.412978827360966960e+01,2.954485257549195580e+02
6.962188894856129906e+00,2.658295767851703317e+01
3.006067059092569327e+00,1.339860979504368856e+02
5.774689998364115340e-01,2.263894600232315497e+02
1.478518460946856461e+00,1.457160278346628388e+02
2.763562791323689982e+00,3.742775742706714937e+02
4.934185688036787365e-01,7.549630303438614192e+02
4.244536594626715953e+00,2.869128881534530819e+02
5.441348251306459272e-01,2.192018765464507624e+01
4.671709416511279578e+00,5.881647908924300054e+02
8.318787679309480598e-01,1.660795327898104574e+02
2.087911491221891680e+01,2.687002739504314377e+02
1.845540583826357439e+00,4.069274521811161094e+01
9.592680758350821790e+00,1.177010482713865116e+02
1.334362507632036809e+01,7.898127573201875862e+01
1.047286841828079851e+01,2.749979836091147263e+02
5.297271620151470017e+00,1.967154847169993559e+01
5.880676390948913479e+00,2.569587434729289157e+02
9.877557748557642014e+00,3.276787342813133250e+02
1.388542552406389952e+01,2.001417629841689916e+02
1.244512536014358961e+00,3.442567319829322514e+01
2.617380628688740885e+00,9.171960282804921860e+01
2.323991755961502292e+01,1.313358061872005180e+02
4.669307209807050718e+00,1.671184191091028595e+02
8.822168683543061718e+00,3.717461119023575407e+02
5.788050884835461929e+00,1.307516933954941294e+02
7.030343513406636546e+00,3.518453576176715956e+02
1.589311394286412948e+01,1.627256127508717896e+02
9.820660588463410445e-02,4.153824902516334987e+02
5.687594286960944601e+00,7.361710457270788766e+00
2.437179351522059001e+00,4.615513893305723627e+02
5.374868021004942875e+00,1.730548299244668442e+01
5.219025164523165561e-01,9.411180728145939156e+01
1.799543818931364214e+01,4.742365741358383957e+01
7.921979416265040541e+00,8.973982114054533099e+01
5.310454238824467765e+00,1.191260218879437218e+02
2.950197708273054609e+00,4.451368740193376539e+01
5.247057378491576607e+00,2.791286921587146708e+02
2.229625437454767223e+01,1.826981880260541971e+02
1.201630821846565489e+01,4.083574965692626790e+01
8.577351860578165343e+00,6.789310938950009131e+02
2.395748368766358993e+00,5.373859076262161238e+01
1.350521169003964950e+01,1.305971091627872056e+02
2.595660253256423466e+00,3.245751739794660011e+02
1.855228928974728220e+01,3.530129087983477802e+02
1.007221323557562798e+01,2.777652201361554489e+02
4.925642042958623179e+00,4.665276245709325167e+02
4.235303067933281262e+00,7.199407808123340828e+02
7.848158861533990560e+00,1.850907667792076836e+02
3.845163821175809904e+00,5.222499465062379898e+01
2.940238603288909847e+00,8.391811096895276023e+01
1.671669502941645646e+01,1.656583491901251932e+02
5.352610658258004861e+00,2.371973973902882165e+02
1.136512573401010151e+01,4.053171972919332688e+02
1.667104360467530189e+00,8.146981672888712183e+02
1.677966335834851552e+00,2.752317985913817324e+02
1.119827217120139551e+01,2.521916173926310876e+02
6.667600208320374477e-01,1.161225854479228587e+02
6.920900533219333184e+00,1.904961979231773057e+02
4.211066224894915777e+00,4.390138243948960053e+02
3.033076644187520099e+00,4.638018184884538186e+01
5.313052590545996878e-01,1.628004979218595167e+02
8.256701851634772993e+00,1.801535111241750542e+02
2.998135363648999796e+00,1.086305222380660354e+02
1.506570387336181316e+00,2.773965851634674777e+02
4.128499065004155533e+00,7.434193323407413345e+00
9.831827729136797700e+00,1.929353931239049871e+02
8.821306510410389379e+00,2.318926023074318437e+02
8.589659954242197415e+00,5.004182217128723096e+02
1.131125282938026722e+01,2.801750295791555345e+02
6.065053448948281023e+00,1.764657395558631663e+02
1.553569421612393597e+01,6.610645454351547414e+02
1.641471423849443667e+01,4.195677567793381968e+00
5.199120940954792047e+00,2.876730046779209715e+02
1.517700309308802531e+01,4.849378841310177677e+02
6.557860540273813044e+00,3.621230582946998311e+02
2.638710693423872655e+00,2.604875802844877057e+02
2.939946859151745695e+00,1.637763476924875476e+02
1.582080696047746482e+00,5.740429066510611165e+02
3.022310058076438377e+00,2.227635473291268227e+02
5.746923768001595434e+00,1.715983923607217321e+02
2.146400811751312432e+01,1.275696258062307322e+02
5.738336715344697581e+00,3.683713928431883460e+02
7.553031098352854578e+00,6.459094336719306284e+01
2.249694758377471260e+01,4.648977440841732687e+02
1.088647779686156269e+01,2.268728446246739168e+02
3.833070554852959333e+00,2.443035812414723864e+02
1.761586372673384204e+01,9.746300489949405232e+01
7.010885631460256562e+00,2.694725084883912132e+02
2.077498060489539444e+00,1.819260398731790929e+02
1.072120988577416512e+01,6.175843334709405497e+01
5.371782371082654883e+00,4.039761358293401372e+02
3.087225162408154144e+00,6.872402249583521439e+01
1.128194538434842009e+01,5.569581073199542516e+02
3.978782151765796193e+00,4.782053083182142359e+02
9.520179780342068909e+00,9.861431648388077065e+00
9.031551442208858305e-01,1.379102850734942933e+02
1.124560563629648335e+01,1.104786262723768431e+02
3.976513586513368725e+00,1.568267468658093549e+02
7.549615793483097193e+00,1.647001668632383655e+02
6.829544750279552545e-01,3.171285642171638415e+02
1.002396831657078602e+00,8.508264674911561087e+01
1.335541003419639949e+01,8.014473470610607819e+01
1.045572841839138079e+01,2.729809739698140447e+00
8.399974957948664667e+00,1.234831488155853094e+02
1.846094962740002732e+00,2.692970080360393013e+02
2.019646311696973484e+01,1.031905022312025721e+02
1.012126027324224609e+01,4.978991007329354943e+02
2.759846044928010755e+01,1.747456286325041503e+02
3.112493346066077748e+00,1.088498944056238287e+02
1.459541162130943448e+01,1.256129092930415680e+02
6.590447731505239659e+00,1.840568029892125423e+01
1.904080857190551868e+00,8.702292663346031532e+01
1.338417437497054152e+01,9.313351084626651755e+01
5.807699178301427345e+00,2.199073833261350615e+02
9.426024087856144096e-01,2.661533349821735328e+02
8.306022353437667149e+00,5.451239542238674858e+02
1.893483484082066681e+00,4.595736475575108670e+01
4.844523560242522287e+00,4.573358522766454826e+02
2.806164294879483379e+00,4.760551983655588515e+01
2.911089290984556932e+00,2.490109256895121916e+02
6.817341474889760944e-01,4.544020520742097347e+01
4.835938001453560231e-01,3.071457374265516478e+02
3.619617304580281747e+00,4.313266346199139889e+02
6.033906318865703611e+00,2.974180336113579415e+02
8.029286744543348675e+00,5.777591593841651729e+01
3.910226021876270330e+00,2.633233877702281234e+01
5.729277805146193003e+00,2.037593194705725921e+02
9.206238701722892159e+00,4.952145837302132918e+02
1.326995586014964701e+01,2.138968744928973251e+02
1.336903244014282777e+01,3.578309269133303587e+02
1.691114472490514054e+00,8.091623413526208424e+02
2.771043239454137108e+00,6.483514099990532031e+02
2.154807806507030676e+01,1.890037557363851306e+01
1.562635059743298305e+00,4.834261228593526312e+02
1.220567545155968547e+00,6.001333524006481639e+02
9.852471159786032828e+00,4.927713226277043645e+02
9.205818617076818811e+00,4.377818774558919586e+02
1.019565723658414136e+00,6.023933008957465063e+02
3.812069235591867056e+00,2.311378423337141044e+02
1.083929074570793283e+01,8.887174080647866958e+01
2.724410632594539416e-01,2.678649114725096751e+02
1.076290926237895462e+01,2.447643289774894129e+02
8.932531682405107532e+00,1.932313487674049099e+02
8.484801524272812756e+00,1.876960643564611075e+02
9.802050224344075247e+00,1.303540728322153086e+01
1.099629232190888928e+01,1.381405602355464453e+02
4.940762352125631196e+00,4.907460601322196680e+02
1.338951738698860083e+01,1.284120014084073773e+02
2.008565978857340895e+00,1.007873719974839020e+02
2.597015099319480491e+00,2.727530769241212738e+02
9.554852812659861527e+00,3.059056159365480880e+02
1.513609916883331508e+01,3.057492871914407715e+02
3.144088301839059518e+00,2.249210842463082258e+02
9.614044358547152669e+00,2.480027269990368097e+02
2.364588308086435120e+01,4.049853367976105005e+02
1.238433867873219185e+01,4.227963790324912452e+01
1.023994478308992129e+01,3.581384816710232144e+01
6.217937208363737867e+00,4.972192225294587615e+02
1.926389619748891846e+01,4.815202181826503534e+02
4.749693186577563231e-01,1.588554012934870912e+02
2.142883585730636398e+01,4.042150598059437812e+02
9.517881914141723243e+00,3.309102160359088884e+02
4.521157668819945741e+00,3.536298372321081729e+01
4.196645861918390175e+00,5.626342878363476530e+01
6.449833751484122857e+00,3.559950329132606726e+02
6.062467754793222419e+00,1.639814197210654925e+02
1.291178507458946179e+01,1.607915174525591055e+02
1.242058293030206251e+01,8.108669665918831697e+02
1.720926073918557009e+01,4.456833689642752461e+01
5.756038511621633935e-01,3.799794108780546367e+02
7.136159079475704381e+00,5.539210695619296985e+02
3.344493131884203496e+00,1.788140086003323859e+02
1.382430336624703671e+01,4.708569571573641497e+02
9.813017530136616817e-02,2.861736334640143582e+02
2.214183906385521183e+01,1.339309688743597349e+02
1.202393227169031142e+01,3.623976935344213643e+02
1.526409032534632892e+01,4.185406071637188461e+02
1.006022090203123298e+01,4.529877126394526954e+02
9.474345217985039369e+00,1.464233283060696067e+01
6.582155823193599709e+00,1.801267036427365156e+02
1.801746639414967888e+01,3.499249035805563608e+02
1.457097573192537610e+01,6.973741803192206135e+01
3.896602167093703162e-02,3.323196099674125890e+02
9.655971137703074803e+00,3.525058702185677362e+02
1.004027822783014123e+01,8.450361771977406988e+01
7.672387858132903027e+00,4.992367042163461122e+01
1.664554276890351758e+01,1.295808307228240324e+02
5.585365291503112672e+00,2.043668678477001777e+01
7.839003887684972582e+00,1.946078277123845623e+02
2.176826969791484601e+00,1.599420552364507557e+02
3.643069535289372718e-01,8.546917551060462870e+01
4.709878875379229335e+00,9.190643102965384514e+01
5.013147023043726946e+00,3.219876859943167347e+02
3.717792967932883386e+00,3.225539899768950818e+02
9.122250391045472639e+00,3.096553469666239948e+02
2.088916856793272459e+01,6.413101880360907217e+02
1.019963456293592152e+01,2.115637219433612586e+02
1.154562559280353895e+01,3.670812591266821983e+02
8.353745828492407099e+00,9.569025660759669449e+01
1.706020898331291491e+01,1.033923076858558545e+02
1.032615389920702142e+01,2.017268684740986089e+02
1.421120795683687810e+01,1.985855109115417747e+02
1.543396850019364663e+01,5.906440150551156876e+02
1.302564305899636210e+01,6.741796730528028547e+01
6.898621016027012942e+00,4.122919593031769523e+02
6.009203121200624942e+00,2.619424669836786279e+02
7.345596449587257215e-01,1.100931654627521539e+01
3.684172691534908783e-01,1.124356717967093289e+02
5.491491880606659493e+00,1.769166517008498261e+02
2.022766042571829015e+00,9.307756757703288031e+00
2.298255096681405263e+01,1.473419764719384943e+02
1.042474359602443812e+01,1.868570666168626531e+02
3.567985526227193560e+00,4.693331994241063967e+02
5.278817729102465606e+00,6.645707680136069939e+00
2.153535743043181849e+00,8.759544664588611340e+01
1.176243033905244140e+01,1.698619571864632576e+02
1.391866985414046631e+00,7.109554638174422507e+02
5.174778153358571942e+00,5.423816571154841313e+02
6.083529316048549518e+00,2.563519095905840572e+01
1.275600942140481564e+01,3.167339626314145562e+02
1.083500745474059990e+01,1.660855441537251806e+02
2.494914166369220965e+01,8.122515949340697716e+02
2.220171122711056455e+01,8.948652386043960405e+00
2.824458154203634760e-02,3.959584224511693833e+02
1.013584326563720328e+00,1.982464732601429489e+02
1.428181123235060568e+01,3.473342508911414939e+02
7.088749045196195198e+00,2.605383735115254922e+02
9.887300447725861474e+00,2.333334179206577517e+02
4.187986143023971763e+00,3.896921093366705691e+02
1.606212431779069405e+01,8.710328971776939966e+01
1.525835558665500136e+00,1.302077221143673569e+02
1.801580358874528187e+01,1.276921813617151145e+02
7.238449124520026423e+00,9.524700525978353483e+01
1.893429634523877914e+00,5.453457526794084060e+02
4.957376712638510874e+00,3.904608447161834306e+02
5.814051198368009210e+00,3.803044576222189335e+02
1.333770608472106112e+01,2.983813691410944671e+02
9.086608230098216055e+00,5.031789699721147144e+02
1.760179090830028059e+01,6.212371473972506237e+02
3.391625511232388424e-01,2.280630232485174247e+02
8.970942973547531007e-01,6.296017316834031590e+02
1.121479397143558643e+01,2.514111975800130381e+02
5.355863238060805109e+00,3.532070234233334531e+02
1.454229696825321660e+00,1.319668165594795255e+02
2.057470736851345805e+01,1.631963389422817841e+02
6.771406286976398015e+00,5.763123433613732232e+02
1.971118891180980270e+00,5.194073730106052267e+01
1.486867119686911032e+01,5.387053747100736700e+00
1.318567172301555956e+00,1.572952990871986856e+02
1.619253071484708428e+01,3.849166137920490200e+02
1.712629955176842245e+00,9.598123187562694625e+01
2.030939478876401250e-01,6.476297512597628270e+01
1.042190579478783974e+01,3.910448815872867101e+01
3.178762178278393247e+00,2.406876561869840998e+02
1.198995832414020413e+01,7.876440014416863278e+01
7.448004857029171255e+00,1.949401119236134150e+01
1.834169535678904284e+00,1.237768566435112376e+02
4.774795390686748853e+00,4.492230988909873304e+02
4.089653878867079762e+00,3.969421623784139115e+02
5.483959676368765024e+00,6.308714494906350865e+02
2.752029032099364336e+00,1.129822237392346551e+02
4.219665817009341069e+00,2.745677443308700560e+01
1.108477607416530297e+01,1.058920029634881530e+02
2.263723545747681865e+00,5.542469797899186688e+02
1.202641727879109945e+00,7.952522029813043503e+01
4.691128653692042683e+00,6.982893248531780728e+00
1.036754602056046437e+01,5.534810032381451492e+02
1.637834277826731721e+01,6.130681926496833967e+02
6.126749011318748828e+00,1.173012416591399187e+01
3.843192149171814176e+00,5.661620855873427445e+02
9.290360621848790856e+00,7.854384533668786617e+02
1.505442626857172783e+01,3.655168029093933910e+02
2.116011445738578445e+01,2.049530175875952978e+02
1.469764257564686716e+01,3.554335668361184162e+02
8.322960310045754984e-01,1.336406093140370785e+02
1.347106305225898026e+00,7.473303234153515007e+01
3.070689190343893316e+00,3.332696512214391760e+02
6.467170974568889896e+00,1.755734789368885345e+02
4.285925607452561792e+00,1.540865600398416291e+02
3.613306353678176208e+00,3.135493189685932975e+02
1.462475911113115146e+01,1.174576043117709219e+02
5.606577920196771814e+00,1.398326108808856816e+02
1.348076919395306916e+01,2.690666144203618160e+02
1.679852712290484051e+00,1.290113115425285741e+02
6.863747045947339309e+00,4.470569928169036302e+02
2.538182446116914015e+00,3.336903792567355254e+02
1.298753810226391181e+01,2.015065402193256432e+02
1.135950934220361219e+01,1.797082988212634405e+02
3.525058944059228594e+00,1.358762270247347033e+02
1.713816188584843658e+01,1.330222429411879261e+02
1.773539746326447286e+00,1.786797858109163144e+02
6.215873565334363526e+00,1.346679797651501076e+01
3.490214710880473081e+00,9.192537334422803497e+01
5.737365654207939869e+00,3.519793402393986526e+00
1.264471463797864903e+00,6.101592679214311943e+01
1.216581462255616231e+01,3.239376129422230406e+02
1.325201203333381805e+01,1.554559398022590528e+02
1.296441776954680236e+01,6.470182589844232268e+01
2.701496561535688556e+01,7.980685233001955226e+01
9.859514053623245289e+00,1.238750994223410657e+02
1.693939754491988126e+01,8.877537413320550286e+01
3.854793862807184279e+00,4.252699724228685341e+01
4.785026310337232580e+00,2.160966752679486262e+02
3.042471471493042756e+00,3.685784819577807525e+01
1.915668087587772561e+01,2.368522292000747598e+02
2.525240571337556972e+00,3.780632123466240273e+02
7.003329428395487000e+00,1.533902015974507549e+01
1.375704077104693823e+01,6.511045881481405218e+01
1.087709868696862614e+01,1.261598241017995292e+01
1.033223237843023234e+01,2.477556357237117481e+02
4.894851279787019394e+00,1.502402321612979108e+02
1.107299529585279707e+01,4.097303546187021652e+02
5.635733971409186971e+00,7.523623120140999276e+01
1.196139861538173754e+00,2.910316881533862556e+02
5.736814161070515894e+00,1.407481332051993093e+02
1.780262043501239289e+00,4.915499704432374415e+02
5.394610727425630969e+00,1.664773127587394299e+02
1.371631162310713314e+01,6.600782497653029850e+02
8.939090921031768389e+00,2.761158316155996317e+01
3.630611532024994759e+00,2.548056265136349907e+02
1.068015033403342784e+01,2.022781653044574739e+02
1.056743307263105791e+01,1.152261054089671006e+02
1.270972375958211131e+01,3.107748338668905035e+02
8.154746835212307587e+00,6.449317746918327430e+02
1.268838732880128539e+01,2.727213310418277388e+02
5.772466250425114520e-01,2.180883118206564859e+02
2.026905302179396795e+00,1.529749250654028572e+02
1.250475254254337365e+01,6.577985396318312894e+01
3.221178455126858076e+00,3.152238965360314751e+02
7.438683299133279192e+00,4.354390808416908385e+02
1.541514669921068759e+01,3.451726584415308707e+02
1.832691670774513426e+01,3.775476869974853571e+02
2.010507980897731528e+01,1.803680934756286547e+02
1.534633647282541702e-01,5.420086809659244409e+02
6.804721399505117674e+00,2.305498417030296423e+02
8.847376519071017853e+00,3.049453427465905975e+02
1.009432629711813867e+01,2.093692712491526322e+02
1.045278651062489850e+01,3.765322102371845858e+02
3.355466301051042155e+00,7.948438034146863629e+02
1.101269827658212108e+01,5.033691407785786964e+01
2.935003929375685772e+00,5.440999616245136394e+00
2.005500588813526441e+00,4.956310689377688163e+02
1.605441405816364053e+01,3.120132944798252765e+02
7.681379298122811505e+00,2.593944389259358445e+02
1.057409319480862919e+01,6.946864779799096823e+01
2.792225115896273202e+00,1.534027924593552257e+02
9.885906851804975304e+00,4.831514381851637268e+02
2.253691162293538053e+00,1.544138997680595367e+02
1.573691900637660979e+01,9.826467554726212938e+02
8.111455214906339251e+00,5.354424538781372576e+02
3.026863933237360804e+00,1.011880498262337369e+01
1.265906804400726848e+01,6.542736755732727261e+01
6.941294387823023548e+00,1.658963836827447835e+02
4.347354588298672162e+00,2.480086333547914990e+01
1.216014808434603722e+01,8.020102212672131259e+01
2.225591868758135661e+01,1.651523930245762131e+02
6.686684099566879702e+00,1.008230363857452687e+02
1.554567498947942994e+01,1.211783606023956281e+02
9.108143762729842274e-01,2.993099905436609447e+02
9.619957863294466449e+00,2.584524656451457076e+02
1.393202781391194911e+01,1.164900118500788722e+02
3.049720209835844464e+00,2.327245620021782884e+02
1.500948594027503358e+00,4.227020346203146914e+02
1.106211601784379006e+01,5.624063460155233543e+02
2.975717719292361729e-01,3.507522132472920475e+02
8.073908942086115204e+00,3.606375310444828415e+02
3.675701558558548854e+00,1.533925579025927561e+02
1.541505164170616782e+00,9.925408786471996336e+02
1.949733704775789889e+01,1.941960322368089464e+00
1.582608520851178469e+01,3.937441238190561990e+02
2.490522282433007106e+01,1.213493395057138855e+02
5.806750352041952112e+00,5.348843772757412296e+01
5.407798143390740719e+00,2.920630988868640543e+01
1.022167862223849966e+01,4.600906619519230389e+01
2.280757420241929623e+00,1.977976278623445410e+02
1.069086439482231299e+01,9.796308641733730838e-01
1.513936563376043765e-01,8.501148213230703732e+01
8.188051008080703852e+00,1.758548754749560601e+02
1.973203111582656533e+01,2.051034368877514567e+02
6.652936299025874689e+00,1.912250070134930695e+02
6.682998416170081946e+00,3.702541412229112439e+02
8.631967315209719160e+00,9.279664854385174522e+01
3.941394830513353043e+00,3.880439324445592320e+02
5.122009276504645214e+00,4.209002844898242870e+02
7.121458556939539442e+00,1.388976017488787988e+02
1.396509639350290399e+01,2.430022792522169084e+02
2.902745402338781755e+00,8.924578630531894419e+01
2.789533936578653339e+00,1.997150900862603464e+02
1.416553636266681693e+01,1.143573168432790226e+02
6.059710565993907672e+00,4.898050935252318254e+02
5.006985443757677956e+00,5.367393928728402841e+01
2.529948131844974668e+01,1.992460776708765025e+01
1.110413775190566277e+01,7.052735210983286152e+00
6.856359615598481838e+00,1.766195191007111589e+02
4.450651710972993058e+00,1.667185175997278179e+02
6.047622047988207683e+00,3.758945186902431033e+02
1.024783551685900918e+01,4.251441559646116843e+02
1.229763582745597006e+01,2.549574965348413969e+01
2.225192596082468555e+00,2.177414411085755717e+02
9.363978971805371643e+00,1.240685516758966997e+02
1.502047062176388614e+01,5.924030148418607951e+02
2.669873706589264017e+01,1.138507950388034828e+01
1.021618246809394570e+01,3.473401801046459809e+02
8.619856846783571669e+00,2.030194694837423128e+02
2.481365558180450126e+00,7.565119527351967577e+01
1.760904078846745691e+01,4.749464944504419464e+02
2.142446056825286216e-01,4.580180036237647414e+02
2.197705411831175937e+01,5.720529548129217119e+02
1.929448701010600686e+01,1.980107036301890275e+02
5.874385594171481983e+00,2.166414240516411382e+01
1.639672950301761034e+01,6.335761977278871200e+02
6.435246531126821434e-01,3.577517813148713230e+02
8.134391033023277373e+00,3.570551434554904802e+01
4.355105289699122473e+00,8.057532695379840106e+02
1.112523955185901414e+00,4.331220728628576921e+02
1.839055603405791572e+01,1.871488264816470064e+02
8.513090074757080572e+00,3.624536786248746694e+02
8.375292794781234562e+00,2.846714876710333897e+01
1.363957753836183606e+01,1.686644281524400242e+02
1.539167767969053813e+01,1.411430689618111671e+02
8.983077567301435140e-01,1.457167800811870961e+02
1.805099433141149490e+01,2.592948994574521748e+02
9.364005557400199464e+00,7.290505933228956792e+01
2.586598871306073466e+00,2.293009748526519047e+02
7.281259322826119984e+00,4.247770717852781672e+02
6.766887950526511375e+00,6.144452526236813128e+02
1.896108549137461097e+01,5.409393793179211229e+01
1.493679801805706120e+01,7.424095720673334142e+01
8.043867568350446362e+00,7.146756861353090073e+01
7.336616415662521540e+00,3.347272356024466831e+02
9.025588396569339977e+00,1.791746086140477701e+02
4.670374289255788902e+00,3.107534768996500816e+02
1.994700393719772791e+01,4.846983950293799239e+02
5.165377355887202704e+00,1.632287620903135803e+02
4.166461809248296788e+00,6.391195359782127525e+02
1.540312635516113815e+01,4.725461700465214108e+02
5.743366444614465216e+00,1.826792321870617002e+02
2.952394959311904543e+00,1.389869840387891884e+02
1.088097180906326233e+00,1.236640040119436321e+02
7.863659198566391950e+00,2.711877655403047811e+02
3.468626723799783207e+00,3.067271770154653723e+02
3.743495012114042009e+00,9.617785109129678744e+01
5.409974955836784005e+00,3.822440057238209192e+02
1.046195563713035348e+01,6.649450477052926090e+02
1.981172443514477299e+00,1.932793838761347160e+02
8.659520462536793306e-02,3.524340966934374819e+02
7.896168664439882967e+00,2.231382435511924314e+02
9.828972250156116086e-01,1.117256093227303495e+02
3.608447162300111588e-02,4.352109915139376994e+02
1.139551813241114431e+01,5.504357661058043050e+01
8.198854674167820988e+00,3.027408319036031799e+02
4.021963261601745110e+00,1.042143206186471787e+02
5.848556427245127587e+00,8.020599168757756843e+02
2.157775298612598647e+01,9.715813751864061487e+01
1.104506393150870025e+01,4.806864260447734694e+01
6.799807614902736219e+00,2.995931904829126893e+02
1.063185521981462145e+01,5.560109344143684211e+02
4.290983368691415833e+00,6.230967657687723715e+01
1.133303909957726319e+01,3.383692433900138781e+02
9.018369268478492629e+00,1.660692986725479159e+02
1.648450278076553488e+01,1.034219393620226981e+02
2.866177890737282130e+00,4.373457296191472210e+02
4.014326537022435915e+00,3.343283021080864046e+02
2.655485313425216543e+00,1.930209405020346480e+01
7.140815054710727416e+00,2.824747477805378537e+01
2.507835942191420031e+00,2.737877216972143515e+02
1.201077611349692376e+01,2.402092816292725388e+02
1.026196585992391341e+01,1.449936204625840901e+02
1.783809497744422146e+01,4.791767287205782395e+02
1.471419415022467758e+00,3.088867696702405397e+01
6.784308898628238715e+00,7.929344197866078048e+01
4.472136251958111153e+00,4.361096301337306613e+01
9.923302653068663659e+00,3.828196514925697329e+02
1.646277503108802520e+01,4.400666921659369279e+01
3.098645217825968690e+00,1.887166798883706065e+01
6.542766044316734586e+00,4.039832882242360483e+02
8.937678139758256535e+00,3.331757312533137565e+02
5.208485551050555884e+00,2.799468049992899523e+02
8.239501234994957457e+00,1.640112862327596304e+02
4.751661790987017631e-02,4.934331714152882000e+02
1.125647450945001626e+00,8.920888635609921380e+01
1.821550876925434181e+01,2.394613755361953622e+01
1.859839250285978185e+00,6.607688407624141291e+01
3.085656501312008526e+00,2.121836149925296979e+02
1.070028986343982025e+00,2.177955965008001158e+02
7.571402483956141793e+00,4.601961435023804938e+02
1.083423469557892105e+01,2.723277780946571625e+01
8.161864287006196150e+00,1.019144274038289097e+02
1.397061568006806986e+01,3.421812656641342301e+02
3.158355440651805068e+00,1.556875452903508688e+02
2.898810553394599143e+00,6.147970576481810667e+01
2.962900985723510239e+00,2.386036252318727975e+02
1.476372311191924969e-01,9.731077352514270729e+01
1.440461464430633498e+01,8.278700844392406566e+01
3.778077195267751875e+00,3.020424066595242039e+02
5.096591129770774664e+00,2.165553182221686939e+02
3.580933667343574101e+00,2.042191313397393060e+02
1.419018497484128005e+01,4.069121513901255867e+02
2.088962802677122088e+00,3.095187036993345941e+01
2.743122711146424475e+00,3.240387651683903414e+02
8.125648671758614938e+00,1.425665884669859906e+02
5.424951345502959654e+00,6.136964037956275888e+02
2.225965153889850168e+00,1.747435555579127140e+02
1.456892141443035582e+00,4.375172825036300992e+02
1.780898145395532239e+01,2.206440446379749005e+02
2.743505957494446079e+01,2.430646960558927958e+02
1.311389572902483591e+00,2.465901453167665238e+02
1.309566665737740365e+01,1.409825517967470887e+02
1.100460321522556129e+01,3.020719806137707906e+02
7.013405815216053441e+00,2.378669838920815778e+02
1.249984908540277662e+00,3.981050022197681528e+02
7.766178564762165060e+00,1.570250743843484713e+02
2.256069094020496379e+01,7.010884241688049201e+01
8.565407489317996337e+00,6.473950979936605563e+02
3.264536238128104451e+00,1.385909471272512405e+01
1.662100303365120979e+01,1.726325567819309299e+02
1.305134431969796083e+01,1.154729531450734612e+02
2.919352842102127976e+00,3.791330145792365443e+02
5.095584538765631777e-01,3.129289954329669285e+02
8.126333489404549137e-01,1.432997634801172353e+02
8.546100114740587728e+00,2.591151877292006702e+02
1.110733051614313682e+00,3.737354206736973765e+02
8.716976723337857891e+00,4.277318475942301461e+02
2.084338329088406283e+01,2.857587057075299981e+02
9.564846952233432731e+00,3.723464030712216299e+02
1.527670689577130814e+00,3.384682017502464646e+02
2.135711572155470606e+01,4.425498843339647692e+01
1.714214400960523355e+00,3.568645060834071501e+02
1.565484376781858700e+01,9.489255968680387809e+01
5.209743443754181413e+00,3.312944682983691109e+02
1.050181819745704281e+01,1.131331779442892866e+02
5.193867375226769667e+00,6.722016916428774493e+02
1.768879383451177034e+01,2.355792213813915623e+02
1.430384689308324964e+00,6.689787272376869396e+02
2.124966289833331956e+01,7.867601711570054590e+01
2.193961239644155370e+01,1.023488874920784895e+02
1.866505698003273483e+00,3.632711394267601008e+02
3.027060610902869264e+00,6.738206454955786739e+00
1.094263966794764009e+01,1.372682155909132007e+02
4.586445075068974475e+00,1.109015043519074482e+02
3.857170651969560993e+00,1.291896481059102371e+02
5.971473435075786540e+00,4.681390617593041839e+02
3.224319270062245391e+00,6.594146609352611677e+01
4.429822613461197101e+00,2.541538870516271231e+01
1.872236822317514893e+01,5.191183518885364379e+01
1.548370462137199866e+01,3.606070223353881943e+02
4.959482102628111733e+00,2.666348328656442845e+02
2.714139488918963394e+00,3.601468201041873840e+02
5.882838239140802727e+00,1.732560385920914428e+02
1.954324950785512627e+01,3.391362418163424195e+02
9.517999025332679253e+01,3.885820267350170980e+03
1.639518941671309733e+02,1.817296599647456105e+03
2.592611906586055852e+02,2.575296098321220597e+03
3.904511491471207592e+02,9.695450541056743532e+02
3.673683243443251740e+02,4.244763689112826796e+03
3.119238435570694605e+02,1.842191410702274425e+03
3.713780142621184410e+01,9.245177183218607979e+02
1.414731819838556248e+02,3.429797864381781892e+03
4.361067610365365113e+02,2.895355208447545010e+03
2.138665736403717688e+02,4.108715574982521503e+03
